ID,Module
Met_neg_1093,red
Met_neg_1132,red
Met_neg_1166,red
Met_neg_1276,red
Met_neg_1316,red
Met_neg_1374,red
Met_neg_1399,red
Met_neg_1410,red
Met_neg_1561,red
Met_neg_1652,red
Met_neg_1653,red
Met_neg_1659,red
Met_neg_1664,red
Met_neg_1665,red
Met_neg_1677,red
Met_neg_1679,red
Met_neg_1691,red
Met_neg_1742,red
Met_neg_1750,red
Met_neg_1778,red
Met_neg_1813,red
Met_neg_1823,red
Met_neg_1832,red
Met_neg_1912,red
Met_neg_1935,red
Met_neg_195,red
Met_neg_1974,red
Met_neg_2018,red
Met_neg_2024,red
Met_neg_2032,red
Met_neg_2112,red
Met_neg_2176,red
Met_neg_2262,red
Met_neg_231,red
Met_neg_2407,red
Met_neg_324,red
Met_neg_328,red
Met_neg_454,red
Met_neg_460,red
Met_neg_631,red
Met_neg_772,red
Met_neg_854,red
Met_pos_1043,red
Met_pos_1110,red
Met_pos_1182,red
Met_pos_1237,red
Met_pos_1361,red
Met_pos_1433,red
Met_pos_1466,red
Met_pos_153,red
Met_pos_1549,red
Met_pos_155,red
Met_pos_1551,red
Met_pos_1564,red
Met_pos_1568,red
Met_pos_1585,red
Met_pos_1615,red
Met_pos_1686,red
Met_pos_169,red
Met_pos_172,red
Met_pos_1728,red
Met_pos_1731,red
Met_pos_1775,red
Met_pos_1784,red
Met_pos_18,red
Met_pos_1806,red
Met_pos_1815,red
Met_pos_1848,red
Met_pos_1871,red
Met_pos_192,red
Met_pos_1975,red
Met_pos_2039,red
Met_pos_209,red
Met_pos_2111,red
Met_pos_2127,red
Met_pos_2299,red
Met_pos_2306,red
Met_pos_2314,red
Met_pos_2346,red
Met_pos_2418,red
Met_pos_2457,red
Met_pos_25,red
Met_pos_251,red
Met_pos_2526,red
Met_pos_2589,red
Met_pos_2630,red
Met_pos_2675,red
Met_pos_27,red
